Label,Sequence,MIC
>CD90_E_N_1,FFFDTLKNLAGKVIGALT+,244.5475
>CD90_E_N_2,FLGLLGSVLGSVLPSIFK+,100
>CD90_E_N_3,LLGMIPVAISAISALSKL+,1111111
>CD90_E_N_4,GIGGALLSVGKLALKGLANVLADKFAN+,100
>CD90_E_N_5,GLLGPLLKIAAKVGSNLL,355.85
>CD90_E_N_6,IAAERRYATIYQARLWAF,250
>CD90_E_N_7,FFSLIPSLVGGLISAFK+,1111111
>CD90_E_N_8,FWGALAKGALKLIGVGSLFSSFSKKD,204.921
>CD90_E_N_9,GVFDIIKDAGKQLVAHATGKIAEKV+,1024
>CD90_E_N_10,GVIDIIKGAGKDLIAHAIGKLAEKV+,800
>CD90_E_N_11,ILGKLLSTAAGLLSNL+,405.49632
>CD90_E_N_12,LWGALLGLGSTLLSKL+,492.615
>CD90_E_N_13,FLGAIAQALTSLLGKL+,206.84928
>CD90_E_N_14,FLGFVGQALNALLGKL+,106.3072
>CD90_E_N_15,FVKELWDKVKKMGSAAWSAAKGAFA,129.510546
>CD90_E_N_16,GLASTIGSLLGKFAKGGAQAFLQPK,394.2304
>CD90_E_N_17,GVFKDALKQFGAALLDKAANALKPK,513.0030843
>CD90_E_N_18,GWASKIGTQLGKMAKVGLKEFVQS,256.809
>CD90_E_N_19,YYQVSEERRRDLASLARLYALAR+,700
>CD90_E_N_20,AAGRYQLLSRYWDAYR,298.389
>CD90_E_N_21,FLPVLGKVIKLVGGLL,1111111
>CD90_E_N_22,FINKAGKLQSQLRTTVVAAAAFLDAFQKVA+,1111111
>CD90_E_N_23,FWGAAAKMLGKALPGLISMFQKN,128.127444
>CD90_E_N_24,GIKEFAHSLGKFGKAFVGGILNQ,484.372
>CD90_E_N_25,GMASTAGSVLGKLAKAVAIGAL+,397.488
>CD90_E_N_26,AVAGEKLWLLPHLLKMLLTPTP+,400
>CD90_E_N_27,FLSLIPHVISAIPHVVNALSNL+,512.4117834
>CD90_E_N_28,INWLKIAAAVAGML+,500
>CD90_E_N_29,FLSGLIGGLAKMLGK,100
>CD90_E_N_30,VTPPWARIYYGCAKA,200
>CD90_E_N_31,INWLAIAAKVAGML+,500
>CD90_E_N_32,IDWKKLPDAAKQIL+,1680.40448
>CD90_E_N_33,SIGAKILGGVKTFFKGALKELAFTYLQ+,100
>CD90_E_N_34,ILGPVLGLVGNALGGLIKKL+,100
>CD90_E_N_35,ISGPVLGLVGNALGGLIKKI+,100
>CD90_E_N_36,GIGGVLLSAGKAALKGLTKVLAEKYAN+,100
>CD90_E_N_37,GIGGVLLGAGKATLKGLAKVLAEKYAN+,100
>CD90_E_N_38,MGIIAGIIKFIKGLIEKFTGK,292.08704
>CD90_E_N_39,AWLDKLKSLGKVVG,257.8679
>CD90_E_N_40,ILGAVWNGVKSLF+,100
>CD90_E_N_41,FLPLIGRVLSGIL+,558.716
>CD90_E_N_42,FLPLIGKILGTIL+,209.676
>CD90_E_N_43,FLPLLAGLAAKWF+,1111111
>CD90_E_N_44,FLSIIAKVLGSLF+,225.2464
>CD90_E_N_45,LIGSLVRGILPLF+,256
>CD90_E_N_46,IFWLFRGKADVAL+,256
>CD90_E_N_47,FLPLLASLFSRLL+,104.223
>CD90_E_N_48,ILGKVWEGVKSLF+,100
>CD90_E_N_49,ILGPVIKTIGGVIGGLLKNL+,100
>CD90_E_N_50,DIGKYCGYAHALN+,142.464
>CD90_E_N_51,ILGAAWNGAKSLF+,100
>CD90_E_N_52,FLGALAKIISGIF+,134.971
>CD90_E_N_53,FLPILGKLLSGIL+,138.381
>CD90_E_N_54,QLKVDLWGTRSGI+,147.274
>CD90_E_N_55,FLPIVGRLISGLL+,1111111
>CD90_E_N_56,ILGKAWEGAKSLF+,100
>CD90_E_N_57,FLPLVTMLLGKLF+,238.7168
>CD90_E_N_58,FASGIAGMAGKLF+,761.736
>CD90_E_N_59,FFPLVLGALGSILPKVFGK+,1111111
>CD90_E_N_60,FLSLIPHIVSGVASIAKHFG,100
>CD90_E_N_61,FLSLIPHIVSGVASLAIHF+,1111111
>CD90_E_N_62,FFSMIPKIATGIASLVKNL+,205.258
>CD90_E_N_63,KRFWPLVPVAINTVAAGIN+,264.51584
>CD90_E_N_64,GIGGALLSVGKSALKGLTKGLAEHF+,100
>CD90_E_N_65,GIGGALLSAGKSALKGLAKGLAEHL+,100
>CD90_E_N_66,GVFDIIKGAGKQLIAHAMGKIAEKV+,800
>CD90_E_N_67,GVVDILKGAAKDLAGHLATKVMNKL+,513.23
>CD90_E_N_68,IPHAVKAISDLI+,255.314
>CD90_E_N_69,IFGTILGFLKGL+,256
>CD90_E_N_70,ILGTILPLLKGL+,320.16896
>CD90_E_N_71,VFLGNIVSMGKKI,200
>CD90_E_N_72,ILGTILGPLKGL+,305.8048
>CD90_E_N_73,NLLGSLLKTGLKVGSNLL+,1111111
>CD90_E_N_74,GVLSNVIGYLKKLGTGALNAVLKQ+,500
>CD90_E_N_75,GLNALKKVFQGFHEAIKLINNHVQ,435.5568
>CD90_E_N_76,IVIKSLGKFLKNVGGFAG,370.258
>CD90_E_N_77,FLPILASLAAKFGPKLFSLVTKKS,129.0625
>CD90_E_N_78,GLFDIVKKVAG+,250
>CD90_E_N_79,GVSKILHSAGKFGKAFLGEIMKS,481.986
>CD90_E_N_80,GLKEVAHSAKKFAKGFISGLTGS,1111111
>CD90_E_N_81,GIGKFLHSAGKFGKAFLGEVMKS,482.784
>CD90_E_N_82,FHPSLWVLIPQYIQLIRKILKSG,137.6205
>CD90_E_N_83,GMATKAGTALGKVAKAVIGAAL+,320.2384
>CD90_E_N_84,ASVVNKLTGGVAGLLK+,195.56736
>CD90_E_N_85,LVPFIGRTLGGLLARF+,181.5618
>CD90_E_N_86,VRIHISGSSLGWLIQLFRKRIESLLQKS,512
>CD90_E_N_87,GFMKYIGPLIPHKVKAISDLI+,468.59
>CD90_E_N_88,SLLSLIRKLIT,201.2192
>CD90_E_N_89,FLSHIAGFLSNLFGK+,100
>CD90_E_N_90,GIGAVLKVLTTGLCALISWIKRKRQQ,357.07
>CD90_E_N_91,GVVAILKGAAKDIAGHLASKVMNKL+,250.811
>CD90_E_N_92,-GGLRSLGLKILLAWKKYG+,201.751
>CD90_E_N_93,NFLGTLINLAKKIM+,236.5545
>CD90_E_N_94,FLPILINLIHKGLL+,240.6135
>CD90_E_N_95,GSLHGFMYKYLKNMVLTLF+,1111111
>CD90_E_N_96,RIKRFWPVVIRTVVAGYNLY,1111111
>CD90_E_N_97,IDWKKLLPAAKQIL+,839.21408
>CD90_E_N_98,FKALLWQWRM,200.338248
>CD90_E_N_99,GVAKFGKAAAHFGKGWIKEMLNS+,186.2722
>CD90_E_N_100,WGRAFSAGVHRLANGGNG+,127.9864427
>CD90_E_N_101,FLQHIIGALTHIF+,156.91936
>CD90_E_N_102,FLPLILRKIVTAL+,1111111
>CD90_E_N_103,INLKAIAASAKKLL,1111111
>CD90_E_N_104,INLKAIAALGKKLL,1111111
>CD90_E_N_105,INLKAVAALAKKLL,1111111
>CD90_E_N_106,NLVGSLLGGILKK+,700
>CD90_E_N_107,-GIIAGIIIKIKK+,185.72928
>CD90_E_N_108,GKVKIGINGFGRIGRLVA,1111111
>CD90_E_N_109,GIIAGIIKIIKA+,154.95808
>CD90_E_N_110,GIIAGIIIAIKK+,154.95808
>CD90_E_N_111,FAVTWATKWWKG+,185.22375
>CD90_E_N_112,GILDIKNKVSNLFKKIKGEK+,1138.915
>CD90_E_N_113,-VLLRALARKITLGIKKYG+,219.789
>CD90_E_N_114,GIGRKFLGGVKTTFRCGVKDFASKHLY+,1111111
>CD90_E_N_115,GLFRALLRLLRSLWRLLLRA,155.9744
>CD90_E_N_116,FLWWLFKWAWK+,200
>CD90_E_N_117,FPVTWRWWKWWKGKFPVTWRWWKWWKG,250
>CD90_E_N_118,GLKRIFKSGLGKLVKGISAHVAS,592.7275
>CD90_E_N_119,DDALKHLLKHLLKHL,179.72
>CD90_E_N_120,DDALRHLLRHLLRHL,187.823
>CD90_E_N_121,KFLGTLVNLAKKIL+,199.68384
>CD90_E_N_122,RLKKWMQKVIDRFGG,238.75968
>CD90_E_N_123,ITKWLLNAIKKGFKL,355.458
>CD90_E_N_124,LNLKALLAVAKKIL+,75
>CD90_E_N_125,LFSIIWKLNRKLIKA,369.276
>CD90_E_N_126,DDALRRLLRRLLRRL,193.538
>CD90_E_N_127,EMLKKKKEVKMERKT,200
>CD90_E_N_128,GILGKLWKGVKSIF+,100
>CD90_E_N_129,FIHHIFRGIVHAGRSIGRFLTG,241.62312
>CD90_E_N_130,KKLAKEILKAL,3146.65
>CD90_E_N_131,GLLTRIKTLL+,225.494
>CD90_E_N_132,GLLSRIKTLL+,111.344
>CD90_E_N_133,IASKVANTVQKLKRKAKNAVA,1111111
>CD90_E_N_134,KAAKTVFKLFKLQAKRAIEA+,290.0288
>CD90_E_N_135,SWKSMAKKLKEYMEKLKQRA+,1111111
>CD90_E_N_136,-KWKSFAKTFKSAKKTVLHTALKAISS+,500
>CD90_E_N_137,AAKAAAKAAAKAA+,142.76736
>CD90_E_N_138,LLKLLLKLLLKLL+,196.62976
>CD90_E_N_139,LLRHVVKILEKYL+,100
>CD90_E_N_140,LARFVLRILKYGFK,110.4768
>CD90_E_N_141,AKVVNKLTGKVAGLLK+,210.1888
>CD90_E_N_142,GWWRRTVDKVRNAGRKV,256
>CD90_E_N_143,-GGLRSLGRKILRAWKKYG+,112.192
>CD90_E_N_144,FLKDLKKLL+,128
>CD90_E_N_145,FLKELKKLL+,128
>CD90_E_N_146,GIIAGIIAKIKK+,157.00864
>CD90_E_N_147,GIIKGIIKIIKA+,162.39488
>CD90_E_N_148,GIIAAIIIKIKK+,164.19072
>CD90_E_N_149,VFALKKWIQKVI+,200
>CD90_E_N_150,WGRAFSAGVHRLARGGRG+,128.0018319
>CD90_E_N_151,WKLLSKAQEKFGKNKSRC+,250.59315
>CD90_E_N_152,HFLGTKVNLAKKIL+,202.75328
>CD90_E_N_153,HFLGTLVNKAKKIL+,202.75328
>CD90_E_N_154,HFLGTLVNLAKKKL+,202.75328
>CD90_E_N_155,HFLGTLVNLAKKIK+,202.75328
>CD90_E_N_156,HFLGTLVNLKKKIL+,208.13952
>CD90_E_N_157,GNLKKLLAVAKKIL+,75
>CD90_E_N_158,KVFKSVVKLLEKTVLKKFSK+,150.78656
>CD90_E_N_159,LKIAKGIIKSL+,100
>CD90_E_N_160,KGKKGVIIAILLFAIIYKKK+,287.99744
>CD90_E_N_161,ILKPKLWKLTVVARKIIK,430.572
>CD90_E_N_162,KIAGKAGKIAKIAGKAGKIA+,121.56352
>CD90_E_N_163,IHKLVKLWLNLGKKF,368.274
>CD90_E_N_164,FKLVWKLLKKLALKL,118.17536
>CD90_E_N_165,AARIILRDRFR+,1111111
>CD90_E_N_166,AKVVKKLTKGVAGLLK+,212.11776
>CD90_E_N_167,-KAAKAAKKAAKAAWK+,200
>CD90_E_N_168,LIGIIDGVKERKKRRR+,124.12224
>CD90_E_N_169,LLKLLKWLLKLLK+,200
>CD90_E_N_170,GVVKRIKTVV+,219.884
>CD90_E_N_171,GVLKRIKTLV+,225.496
>CD90_E_N_172,GLMKRIKTML+,238.324
>CD90_E_N_173,GMMKRIKTMM+,245.54
>CD90_E_N_174,GLLKRLKTLA+,570.09152
>CD90_E_N_175,GAAKRAKTAA+,483.91168
>CD90_E_N_176,GAAKRAKTAL+,505.45664
>CD90_E_N_177,GALKRAKTAL+,527.0016
>CD90_E_N_178,GLAKRAKTLL+,548.54656
>CD90_E_N_179,GLLKRIKSLL+,114.151
>CD90_E_N_180,GMLKRIKTLL+,234.716
>CD90_E_N_181,GMLKRIKTLM+,238.324
>CD90_E_N_182,LVKLVAGIKKFLKWK+,256
>CD90_E_N_183,-KLLKLLKKPLKLLK+,137.8704
>CD90_E_N_184,KKMKKALQYIKLLKE+,186.746
>CD90_E_N_185,GQLNKFIKKAQRKFHEKFAK+,313.856
>CD90_E_N_186,GIIRGIIRRIKG+,173.02144
>CD90_E_N_187,VFRLKKAIQKVI+,200
>CD90_E_N_188,VFRLKKWIQKVA+,200
>CD90_E_N_189,KLVKKLLKKYITF,325.432
>CD90_E_N_190,LKLLKKLLKLLKKLGGGK,100
>CD90_E_N_191,GIGKFSKKGAAARRRKVSLKAL+,512
>CD90_E_N_192,-KWKSKLKTKKSAKKTVKHTALKAISS+,250
>CD90_E_N_193,LKKLKGRVSRSFLFFVKLRPAKRTLKKRIL,200
>CD90_E_N_194,FIHHIIGGLFSAGKAIHRLIRRRRR,500
>CD90_E_N_195,FKARRWQWRMKKLGA,200.4759
>CD90_E_N_196,AVKKLLRWWSRWWKK,1111111
>CD90_E_N_197,RAWVAWRNR+,500
>CD90_E_N_198,GCKKYRRFRWKFKGKFWFWGG+,1024
>CD90_E_N_199,CFQWKRAMRKVR,400
>CD90_E_N_200,FAKWAFKWAKK+,200
>CD90_E_N_201,GIKKWLHSPKKPGKKFVKKIMNS+,214.9944
>CD90_E_N_202,LRRLWLRANRL+,187.62752
>CD90_E_N_203,FQWQRNIRKVR+,250
>CD90_E_N_204,KLAKLAKKLAKLAK,1111111
>CD90_E_N_205,NAMRGAKRVWRHI+,100
>CD90_E_N_206,RKEKIKKRIGKIDRL+,250
>CD90_E_N_207,KILRGVSKRILTGKK+,1111111
>CD90_E_N_208,-RGLRRLGRKIKKGLKKYG+,217.374
>CD90_E_N_209,GWARRTVAKVRK+,285.752
>CD90_E_N_210,MLLKKLLKKLLKKM+,250
>CD90_E_N_211,RFRRLRDKTRDRLKKI+,276.43648
>CD90_E_N_212,KQIKIWFQNKKMKWKK+,2168.8
>CD90_E_N_213,RWWKWWWWWRRWKWKK+,535.66
>CD90_E_N_214,KKWKMRRNQFWIKIQR+,112.4915
>CD90_E_N_215,GIKRGIIKIIKRIKRI+,244.29312
>CD90_E_N_216,GFFKKAKRKVKKAG,128
>CD90_E_N_217,KIWFQNRRMKWKK+,1852.35
>CD90_E_N_218,AKVLKISRRAFRK+,100
>CD90_E_N_219,DSHAKRHHGYKRKFHEKHHSHRGY,400
>CD90_E_N_220,VKWRWKWKWRWKWKWKV+,100
>CD90_E_N_221,RLFRRVKKVAG+,250
>CD90_E_N_222,KISKRILTGKK+,1111111
>CD90_E_N_223,RKLFKRILKYL+,275
>CD90_E_N_224,GLRKRLRKPRNKPKEKLKKI,159.6288
>CD90_E_N_225,KIKKIIKKIIKI+,498.69273
>CD90_E_N_226,KLKKLLKKLLKL+,500
>CD90_E_N_227,IRIKIRIKIRIK+,500
>CD90_E_N_228,GIKRGIKRGIKR+,177.12256
>CD90_E_N_229,GIRRGIRRIIKR+,191.2192
>CD90_E_N_230,FAKKFAKKFK+,240
>CD90_E_N_231,KKIMRTFLRR+,1111111
>CD90_E_N_232,LVKRFKKFFRKLKKSVK+,256
>CD90_E_N_233,RYRRKKKMKKALQYIKL+,225.693
>CD90_E_N_234,GRFKRFRKKFKKLFKKLS,234.903
>CD90_E_N_235,IIRKIIRK+,500
>CD90_E_N_236,GIKRGIIKRIKRIKRK+,251.85152
>CD90_E_N_237,WPKWWKWKRRWGRKKAKKRRG+,1024
>CD90_E_N_238,GLRKRKRKFRNKKKEKLKKI,165.90976
>CD90_E_N_239,KRFKKFFKKVKKSV+,1111111
>CD90_E_N_240,IKIKRRRFKIKI+,102.53696
>CD90_E_N_241,ARARRRRFRARA+,197.35808
>CD90_E_N_242,KLKKKLKKLLKK+,500
>CD90_E_N_243,GRFRRLRKKTRK+,205.31456
>CD90_E_N_244,RFRRLRKKFRKRLKKI+,571.88096
