Label,Sequence,MHC
GW18,GWGAKRWGKRGWKWKRHW-COONH2,47.335082
GK18,GKRGWKRFKGAKWKRTWH-COONH2,46.274628
RaCa?2,FFPIIARLAAKVIPSLVCAVTKKC,64-128
RaCa?4,FLTFPGMTFGKLLGK,no inhibition
RaCa?6,ATAWRIPPPGMQPIIPIRIRPLCGKQ,no inhibition
RaCa?7,FFPRVLPLANKFLPTIYCALPKSVGN,no inhibition
RaCa?8,FPAIICKVSKNC,no inhibition
RaCa?9,FYFPVSRKFGGK,no inhibition
RaCa?10,ALVAKIQKFPVFNTLKLCKLELEII,no inhibition
RaCa?11,SNRDFFKVNIFRLCG,no inhibition
PEP-38,GLKDWVKKALGSLWKLANSQKAIISGKKS,?not active
hHK-1,TGKASQFFGLM-NH2,151.6288
AH-1,LKKWTGKASQFFGLM-NH2,222.7072
AH-2,LKKWTLKASQFFGLM-NH2,114.944
AH-3,LKKWLKKWTGKASQFFGLM-NH2,9.1812
AH-4,LKKWLKKWTLKASQFFGLM-NH2,4.7026
AH-5,LKKWLKKWTPKASQFFGLM-NH2,4.6706
